-- Users
-- Alice's password: pa55word
INSERT INTO USER (ID, USERNAME, PASSHASH) VALUES(1, 'Alice', '01bbd007a1040e3b62417e176caf7e6fa5aabdd724626c22a011e9e4e992ac35');
-- Bob's password: 12345
INSERT INTO USER (ID, USERNAME, PASSHASH) VALUES(2, 'Bob', '7d4e3eec80026719639ed4dba68916eb94c7a49a053e05c8f9578fe4e5a3d7ea');

-- Airports
INSERT INTO AIRPORT (ID, NAME, CODE, LATITUDE, LONGITUDE, TIMEZONE) VALUES (1, 'Auckland International Airport', 'AKL', -37.008, 174.792, 'Pacific/Auckland');
INSERT INTO AIRPORT (ID, NAME, CODE, LATITUDE, LONGITUDE, TIMEZONE) VALUES (2, 'Sydney International Airport', 'SYD', -33.946, 151.177, 'Australia/Sydney');
INSERT INTO AIRPORT (ID, NAME, CODE, LATITUDE, LONGITUDE, TIMEZONE) VALUES (3, 'Tokyo Narita International Airport', 'NRT', 35.765, 140.386, 'Asia/Tokyo');
INSERT INTO AIRPORT (ID, NAME, CODE, LATITUDE, LONGITUDE, TIMEZONE) VALUES (4, 'Singapore Changi International Airport', 'SIN', 1.356, 103.987, 'Asia/Singapore');
INSERT INTO AIRPORT (ID, NAME, CODE, LATITUDE, LONGITUDE, TIMEZONE) VALUES (5, 'Los Angeles International Airport', 'LAX', 33.942, -118.408, 'America/Los_Angeles');

-- Aircraft layout - 787-9 Dreamliner (Air NZ, source: https://www.seatguru.com/airlines/Air_New_Zealand/Air_New_Zealand_Boeing_787-9.php)
-- Aircraft layout - 777-200ER (Singapore Airlines, source: https://www.seatguru.com/airlines/Singapore_Air/Singapore_Air_Boeing_777-200_ER_new.php)

INSERT INTO AIRCRAFTTYPE (ID, NAME) VALUES(1, '787-9 Dreamliner');
INSERT INTO AIRCRAFTTYPE_SEATINGZONES (AIRCRAFTTYPE_ID, CABINCLASS, NUMROWS, STARTINGROWNUMBER, SEATCODEDATA) VALUES(1, 'Business', 6, 1, 'AJK');
INSERT INTO AIRCRAFTTYPE_SEATINGZONES (AIRCRAFTTYPE_ID, CABINCLASS, NUMROWS, STARTINGROWNUMBER, SEATCODEDATA) VALUES(1, 'Premium', 3, 23, 'ABDEFJK');
INSERT INTO AIRCRAFTTYPE_SEATINGZONES (AIRCRAFTTYPE_ID, CABINCLASS, NUMROWS, STARTINGROWNUMBER, SEATCODEDATA) VALUES(1, 'Economy', 1, 34, 'JK');
INSERT INTO AIRCRAFTTYPE_SEATINGZONES (AIRCRAFTTYPE_ID, CABINCLASS, NUMROWS, STARTINGROWNUMBER, SEATCODEDATA) VALUES(1, 'Economy', 15, 35, 'ABCDEFHJK');
INSERT INTO AIRCRAFTTYPE_SEATINGZONES (AIRCRAFTTYPE_ID, CABINCLASS, NUMROWS, STARTINGROWNUMBER, SEATCODEDATA) VALUES(1, 'Economy', 2, 50, 'ABCHJK');
INSERT INTO AIRCRAFTTYPE_SEATINGZONES (AIRCRAFTTYPE_ID, CABINCLASS, NUMROWS, STARTINGROWNUMBER, SEATCODEDATA) VALUES(1, 'Economy', 12, 52, 'ABCDEFHJK');
INSERT INTO AIRCRAFTTYPE_SEATINGZONES (AIRCRAFTTYPE_ID, CABINCLASS, NUMROWS, STARTINGROWNUMBER, SEATCODEDATA) VALUES(1, 'Economy', 2, 64, 'DEF');
INSERT INTO AIRCRAFTTYPE (ID, NAME) VALUES(2, '777-200ER');
INSERT INTO AIRCRAFTTYPE_SEATINGZONES (AIRCRAFTTYPE_ID, CABINCLASS, NUMROWS, STARTINGROWNUMBER, SEATCODEDATA) VALUES(2, 'Business', 2, 11, 'ADFK');
INSERT INTO AIRCRAFTTYPE_SEATINGZONES (AIRCRAFTTYPE_ID, CABINCLASS, NUMROWS, STARTINGROWNUMBER, SEATCODEDATA) VALUES(2, 'Business', 4, 14, 'ADFK');
INSERT INTO AIRCRAFTTYPE_SEATINGZONES (AIRCRAFTTYPE_ID, CABINCLASS, NUMROWS, STARTINGROWNUMBER, SEATCODEDATA) VALUES(2, 'Business', 1, 18, 'DF');
INSERT INTO AIRCRAFTTYPE_SEATINGZONES (AIRCRAFTTYPE_ID, CABINCLASS, NUMROWS, STARTINGROWNUMBER, SEATCODEDATA) VALUES(2, 'Economy', 16, 31, 'ABCDEGHJK');
INSERT INTO AIRCRAFTTYPE_SEATINGZONES (AIRCRAFTTYPE_ID, CABINCLASS, NUMROWS, STARTINGROWNUMBER, SEATCODEDATA) VALUES(2, 'Economy', 1, 47, 'ACDEGHK');
INSERT INTO AIRCRAFTTYPE_SEATINGZONES (AIRCRAFTTYPE_ID, CABINCLASS, NUMROWS, STARTINGROWNUMBER, SEATCODEDATA) VALUES(2, 'Economy', 2, 48, 'AC');
INSERT INTO AIRCRAFTTYPE_SEATINGZONES (AIRCRAFTTYPE_ID, CABINCLASS, NUMROWS, STARTINGROWNUMBER, SEATCODEDATA) VALUES(2, 'Economy', 10, 50, 'ABCDEGHJK');

-- Some random flights.
INSERT INTO FLIGHT (ID, NAME, AIRCRAFTTYPE_ID, ORIGIN_ID, DESTINATION_ID, DEPARTURETIME, ARRIVALTIME) VALUES(1, 'ZNJ-242', 2, 1, 2, '2022-08-11T13:00:00', '2022-08-11T16:10:00');
INSERT INTO FLIGHT_SEATPRICINGS(FLIGHT_ID, CABINCLASS, PRICE) VALUES(1, 'Business', 950);
INSERT INTO FLIGHT_SEATPRICINGS(FLIGHT_ID, CABINCLASS, PRICE) VALUES(1, 'Economy', 158);

INSERT INTO FLIGHT (ID, NAME, AIRCRAFTTYPE_ID, ORIGIN_ID, DESTINATION_ID, DEPARTURETIME, ARRIVALTIME) VALUES(2, 'WJF-883', 2, 1, 2, '2022-08-23T19:00:00', '2022-08-23T22:10:00');
INSERT INTO FLIGHT_SEATPRICINGS(FLIGHT_ID, CABINCLASS, PRICE) VALUES(2, 'Business', 950);
INSERT INTO FLIGHT_SEATPRICINGS(FLIGHT_ID, CABINCLASS, PRICE) VALUES(2, 'Economy', 158);

INSERT INTO FLIGHT (ID, NAME, AIRCRAFTTYPE_ID, ORIGIN_ID, DESTINATION_ID, DEPARTURETIME, ARRIVALTIME) VALUES(3, 'ZWZ-576', 2, 1, 2, '2022-08-29T07:00:00', '2022-08-29T10:10:00');
INSERT INTO FLIGHT_SEATPRICINGS(FLIGHT_ID, CABINCLASS, PRICE) VALUES(3, 'Business', 950);
INSERT INTO FLIGHT_SEATPRICINGS(FLIGHT_ID, CABINCLASS, PRICE) VALUES(3, 'Economy', 158);

INSERT INTO FLIGHT (ID, NAME, AIRCRAFTTYPE_ID, ORIGIN_ID, DESTINATION_ID, DEPARTURETIME, ARRIVALTIME) VALUES(4, 'YLJ-355', 1, 1, 2, '2022-08-31T04:00:00', '2022-08-31T07:10:00');
INSERT INTO FLIGHT_SEATPRICINGS(FLIGHT_ID, CABINCLASS, PRICE) VALUES(4, 'Business', 950);
INSERT INTO FLIGHT_SEATPRICINGS(FLIGHT_ID, CABINCLASS, PRICE) VALUES(4, 'Premium', 475);
INSERT INTO FLIGHT_SEATPRICINGS(FLIGHT_ID, CABINCLASS, PRICE) VALUES(4, 'Economy', 158);

INSERT INTO FLIGHT (ID, NAME, AIRCRAFTTYPE_ID, ORIGIN_ID, DESTINATION_ID, DEPARTURETIME, ARRIVALTIME) VALUES(5, 'BLG-598', 2, 1, 3, '2022-08-29T07:00:00', '2022-08-29T18:30:00');
INSERT INTO FLIGHT_SEATPRICINGS(FLIGHT_ID, CABINCLASS, PRICE) VALUES(5, 'Business', 3450);
INSERT INTO FLIGHT_SEATPRICINGS(FLIGHT_ID, CABINCLASS, PRICE) VALUES(5, 'Economy', 575);

INSERT INTO FLIGHT (ID, NAME, AIRCRAFTTYPE_ID, ORIGIN_ID, DESTINATION_ID, DEPARTURETIME, ARRIVALTIME) VALUES(6, 'VID-108', 1, 1, 3, '2022-08-30T02:00:00', '2022-08-30T13:30:00');
INSERT INTO FLIGHT_SEATPRICINGS(FLIGHT_ID, CABINCLASS, PRICE) VALUES(6, 'Business', 3450);
INSERT INTO FLIGHT_SEATPRICINGS(FLIGHT_ID, CABINCLASS, PRICE) VALUES(6, 'Premium', 1725);
INSERT INTO FLIGHT_SEATPRICINGS(FLIGHT_ID, CABINCLASS, PRICE) VALUES(6, 'Economy', 575);

INSERT INTO FLIGHT (ID, NAME, AIRCRAFTTYPE_ID, ORIGIN_ID, DESTINATION_ID, DEPARTURETIME, ARRIVALTIME) VALUES(7, 'IMQ-765', 2, 1, 3, '2022-08-26T23:00:00', '2022-08-27T10:30:00');
INSERT INTO FLIGHT_SEATPRICINGS(FLIGHT_ID, CABINCLASS, PRICE) VALUES(7, 'Business', 3450);
INSERT INTO FLIGHT_SEATPRICINGS(FLIGHT_ID, CABINCLASS, PRICE) VALUES(7, 'Economy', 575);

INSERT INTO FLIGHT (ID, NAME, AIRCRAFTTYPE_ID, ORIGIN_ID, DESTINATION_ID, DEPARTURETIME, ARRIVALTIME) VALUES(8, 'VRT-298', 1, 1, 4, '2022-08-25T04:00:00', '2022-08-25T15:00:00');
INSERT INTO FLIGHT_SEATPRICINGS(FLIGHT_ID, CABINCLASS, PRICE) VALUES(8, 'Business', 3300);
INSERT INTO FLIGHT_SEATPRICINGS(FLIGHT_ID, CABINCLASS, PRICE) VALUES(8, 'Premium', 1650);
INSERT INTO FLIGHT_SEATPRICINGS(FLIGHT_ID, CABINCLASS, PRICE) VALUES(8, 'Economy', 550);

INSERT INTO FLIGHT (ID, NAME, AIRCRAFTTYPE_ID, ORIGIN_ID, DESTINATION_ID, DEPARTURETIME, ARRIVALTIME) VALUES(9, 'JQB-702', 1, 1, 4, '2022-08-16T17:00:00', '2022-08-17T04:00:00');
INSERT INTO FLIGHT_SEATPRICINGS(FLIGHT_ID, CABINCLASS, PRICE) VALUES(9, 'Business', 3300);
INSERT INTO FLIGHT_SEATPRICINGS(FLIGHT_ID, CABINCLASS, PRICE) VALUES(9, 'Premium', 1650);
INSERT INTO FLIGHT_SEATPRICINGS(FLIGHT_ID, CABINCLASS, PRICE) VALUES(9, 'Economy', 550);

INSERT INTO FLIGHT (ID, NAME, AIRCRAFTTYPE_ID, ORIGIN_ID, DESTINATION_ID, DEPARTURETIME, ARRIVALTIME) VALUES(10, 'FEX-930', 2, 1, 4, '2022-08-11T05:00:00', '2022-08-11T16:00:00');
INSERT INTO FLIGHT_SEATPRICINGS(FLIGHT_ID, CABINCLASS, PRICE) VALUES(10, 'Business', 3300);
INSERT INTO FLIGHT_SEATPRICINGS(FLIGHT_ID, CABINCLASS, PRICE) VALUES(10, 'Economy', 550);

INSERT INTO FLIGHT (ID, NAME, AIRCRAFTTYPE_ID, ORIGIN_ID, DESTINATION_ID, DEPARTURETIME, ARRIVALTIME) VALUES(11, 'IEE-697', 1, 1, 4, '2022-08-11T03:00:00', '2022-08-11T14:00:00');
INSERT INTO FLIGHT_SEATPRICINGS(FLIGHT_ID, CABINCLASS, PRICE) VALUES(11, 'Business', 3300);
INSERT INTO FLIGHT_SEATPRICINGS(FLIGHT_ID, CABINCLASS, PRICE) VALUES(11, 'Premium', 1650);
INSERT INTO FLIGHT_SEATPRICINGS(FLIGHT_ID, CABINCLASS, PRICE) VALUES(11, 'Economy', 550);

INSERT INTO FLIGHT (ID, NAME, AIRCRAFTTYPE_ID, ORIGIN_ID, DESTINATION_ID, DEPARTURETIME, ARRIVALTIME) VALUES(12, 'PWK-304', 1, 1, 5, '2022-08-16T12:00:00', '2022-08-17T01:30:00');
INSERT INTO FLIGHT_SEATPRICINGS(FLIGHT_ID, CABINCLASS, PRICE) VALUES(12, 'Business', 4050);
INSERT INTO FLIGHT_SEATPRICINGS(FLIGHT_ID, CABINCLASS, PRICE) VALUES(12, 'Premium', 2025);
INSERT INTO FLIGHT_SEATPRICINGS(FLIGHT_ID, CABINCLASS, PRICE) VALUES(12, 'Economy', 675);

INSERT INTO FLIGHT (ID, NAME, AIRCRAFTTYPE_ID, ORIGIN_ID, DESTINATION_ID, DEPARTURETIME, ARRIVALTIME) VALUES(13, 'YFJ-842', 1, 1, 5, '2022-08-20T04:00:00', '2022-08-20T17:30:00');
INSERT INTO FLIGHT_SEATPRICINGS(FLIGHT_ID, CABINCLASS, PRICE) VALUES(13, 'Business', 4050);
INSERT INTO FLIGHT_SEATPRICINGS(FLIGHT_ID, CABINCLASS, PRICE) VALUES(13, 'Premium', 2025);
INSERT INTO FLIGHT_SEATPRICINGS(FLIGHT_ID, CABINCLASS, PRICE) VALUES(13, 'Economy', 675);

INSERT INTO FLIGHT (ID, NAME, AIRCRAFTTYPE_ID, ORIGIN_ID, DESTINATION_ID, DEPARTURETIME, ARRIVALTIME) VALUES(14, 'DDE-510', 1, 1, 5, '2022-08-16T12:00:00', '2022-08-17T01:30:00');
INSERT INTO FLIGHT_SEATPRICINGS(FLIGHT_ID, CABINCLASS, PRICE) VALUES(14, 'Business', 4050);
INSERT INTO FLIGHT_SEATPRICINGS(FLIGHT_ID, CABINCLASS, PRICE) VALUES(14, 'Premium', 2025);
INSERT INTO FLIGHT_SEATPRICINGS(FLIGHT_ID, CABINCLASS, PRICE) VALUES(14, 'Economy', 675);

INSERT INTO FLIGHT (ID, NAME, AIRCRAFTTYPE_ID, ORIGIN_ID, DESTINATION_ID, DEPARTURETIME, ARRIVALTIME) VALUES(15, 'ZZO-347', 1, 1, 5, '2022-08-09T13:00:00', '2022-08-10T02:30:00');
INSERT INTO FLIGHT_SEATPRICINGS(FLIGHT_ID, CABINCLASS, PRICE) VALUES(15, 'Business', 4050);
INSERT INTO FLIGHT_SEATPRICINGS(FLIGHT_ID, CABINCLASS, PRICE) VALUES(15, 'Premium', 2025);
INSERT INTO FLIGHT_SEATPRICINGS(FLIGHT_ID, CABINCLASS, PRICE) VALUES(15, 'Economy', 675);

INSERT INTO FLIGHT (ID, NAME, AIRCRAFTTYPE_ID, ORIGIN_ID, DESTINATION_ID, DEPARTURETIME, ARRIVALTIME) VALUES(16, 'QQE-292', 2, 2, 1, '2022-08-31T01:00:00', '2022-08-31T04:10:00');
INSERT INTO FLIGHT_SEATPRICINGS(FLIGHT_ID, CABINCLASS, PRICE) VALUES(16, 'Business', 950);
INSERT INTO FLIGHT_SEATPRICINGS(FLIGHT_ID, CABINCLASS, PRICE) VALUES(16, 'Economy', 158);

INSERT INTO FLIGHT (ID, NAME, AIRCRAFTTYPE_ID, ORIGIN_ID, DESTINATION_ID, DEPARTURETIME, ARRIVALTIME) VALUES(17, 'BBB-122', 1, 2, 1, '2022-08-15T08:00:00', '2022-08-15T11:10:00');
INSERT INTO FLIGHT_SEATPRICINGS(FLIGHT_ID, CABINCLASS, PRICE) VALUES(17, 'Business', 950);
INSERT INTO FLIGHT_SEATPRICINGS(FLIGHT_ID, CABINCLASS, PRICE) VALUES(17, 'Premium', 475);
INSERT INTO FLIGHT_SEATPRICINGS(FLIGHT_ID, CABINCLASS, PRICE) VALUES(17, 'Economy', 158);

INSERT INTO FLIGHT (ID, NAME, AIRCRAFTTYPE_ID, ORIGIN_ID, DESTINATION_ID, DEPARTURETIME, ARRIVALTIME) VALUES(18, 'OWX-760', 2, 2, 1, '2022-08-27T12:00:00', '2022-08-27T15:10:00');
INSERT INTO FLIGHT_SEATPRICINGS(FLIGHT_ID, CABINCLASS, PRICE) VALUES(18, 'Business', 950);
INSERT INTO FLIGHT_SEATPRICINGS(FLIGHT_ID, CABINCLASS, PRICE) VALUES(18, 'Economy', 158);

INSERT INTO FLIGHT (ID, NAME, AIRCRAFTTYPE_ID, ORIGIN_ID, DESTINATION_ID, DEPARTURETIME, ARRIVALTIME) VALUES(19, 'ZWE-876', 2, 2, 1, '2022-09-04T05:00:00', '2022-09-04T08:10:00');
INSERT INTO FLIGHT_SEATPRICINGS(FLIGHT_ID, CABINCLASS, PRICE) VALUES(19, 'Business', 950);
INSERT INTO FLIGHT_SEATPRICINGS(FLIGHT_ID, CABINCLASS, PRICE) VALUES(19, 'Economy', 158);

INSERT INTO FLIGHT (ID, NAME, AIRCRAFTTYPE_ID, ORIGIN_ID, DESTINATION_ID, DEPARTURETIME, ARRIVALTIME) VALUES(20, 'DQL-372', 2, 2, 3, '2022-08-11T09:00:00', '2022-08-11T19:10:00');
INSERT INTO FLIGHT_SEATPRICINGS(FLIGHT_ID, CABINCLASS, PRICE) VALUES(20, 'Business', 3050);
INSERT INTO FLIGHT_SEATPRICINGS(FLIGHT_ID, CABINCLASS, PRICE) VALUES(20, 'Economy', 508);

INSERT INTO FLIGHT (ID, NAME, AIRCRAFTTYPE_ID, ORIGIN_ID, DESTINATION_ID, DEPARTURETIME, ARRIVALTIME) VALUES(21, 'UQL-438', 1, 2, 3, '2022-08-11T14:00:00', '2022-08-12T00:10:00');
INSERT INTO FLIGHT_SEATPRICINGS(FLIGHT_ID, CABINCLASS, PRICE) VALUES(21, 'Business', 3050);
INSERT INTO FLIGHT_SEATPRICINGS(FLIGHT_ID, CABINCLASS, PRICE) VALUES(21, 'Premium', 1525);
INSERT INTO FLIGHT_SEATPRICINGS(FLIGHT_ID, CABINCLASS, PRICE) VALUES(21, 'Economy', 508);

INSERT INTO FLIGHT (ID, NAME, AIRCRAFTTYPE_ID, ORIGIN_ID, DESTINATION_ID, DEPARTURETIME, ARRIVALTIME) VALUES(22, 'RXU-158', 2, 2, 3, '2022-09-07T00:00:00', '2022-09-07T10:10:00');
INSERT INTO FLIGHT_SEATPRICINGS(FLIGHT_ID, CABINCLASS, PRICE) VALUES(22, 'Business', 3050);
INSERT INTO FLIGHT_SEATPRICINGS(FLIGHT_ID, CABINCLASS, PRICE) VALUES(22, 'Economy', 508);

INSERT INTO FLIGHT (ID, NAME, AIRCRAFTTYPE_ID, ORIGIN_ID, DESTINATION_ID, DEPARTURETIME, ARRIVALTIME) VALUES(23, 'EYF-144', 1, 2, 4, '2022-09-07T11:00:00', '2022-09-07T19:20:00');
INSERT INTO FLIGHT_SEATPRICINGS(FLIGHT_ID, CABINCLASS, PRICE) VALUES(23, 'Business', 2500);
INSERT INTO FLIGHT_SEATPRICINGS(FLIGHT_ID, CABINCLASS, PRICE) VALUES(23, 'Premium', 1250);
INSERT INTO FLIGHT_SEATPRICINGS(FLIGHT_ID, CABINCLASS, PRICE) VALUES(23, 'Economy', 416);

INSERT INTO FLIGHT (ID, NAME, AIRCRAFTTYPE_ID, ORIGIN_ID, DESTINATION_ID, DEPARTURETIME, ARRIVALTIME) VALUES(24, 'HCD-255', 2, 2, 4, '2022-09-05T04:00:00', '2022-09-05T12:20:00');
INSERT INTO FLIGHT_SEATPRICINGS(FLIGHT_ID, CABINCLASS, PRICE) VALUES(24, 'Business', 2500);
INSERT INTO FLIGHT_SEATPRICINGS(FLIGHT_ID, CABINCLASS, PRICE) VALUES(24, 'Economy', 416);

INSERT INTO FLIGHT (ID, NAME, AIRCRAFTTYPE_ID, ORIGIN_ID, DESTINATION_ID, DEPARTURETIME, ARRIVALTIME) VALUES(25, 'SED-857', 1, 2, 4, '2022-08-15T23:00:00', '2022-08-16T07:20:00');
INSERT INTO FLIGHT_SEATPRICINGS(FLIGHT_ID, CABINCLASS, PRICE) VALUES(25, 'Business', 2500);
INSERT INTO FLIGHT_SEATPRICINGS(FLIGHT_ID, CABINCLASS, PRICE) VALUES(25, 'Premium', 1250);
INSERT INTO FLIGHT_SEATPRICINGS(FLIGHT_ID, CABINCLASS, PRICE) VALUES(25, 'Economy', 416);

INSERT INTO FLIGHT (ID, NAME, AIRCRAFTTYPE_ID, ORIGIN_ID, DESTINATION_ID, DEPARTURETIME, ARRIVALTIME) VALUES(26, 'QAA-364', 1, 2, 5, '2022-08-17T09:00:00', '2022-08-18T00:30:00');
INSERT INTO FLIGHT_SEATPRICINGS(FLIGHT_ID, CABINCLASS, PRICE) VALUES(26, 'Business', 4650);
INSERT INTO FLIGHT_SEATPRICINGS(FLIGHT_ID, CABINCLASS, PRICE) VALUES(26, 'Premium', 2325);
INSERT INTO FLIGHT_SEATPRICINGS(FLIGHT_ID, CABINCLASS, PRICE) VALUES(26, 'Economy', 775);

INSERT INTO FLIGHT (ID, NAME, AIRCRAFTTYPE_ID, ORIGIN_ID, DESTINATION_ID, DEPARTURETIME, ARRIVALTIME) VALUES(27, 'FOS-262', 2, 2, 5, '2022-09-07T11:00:00', '2022-09-08T02:30:00');
INSERT INTO FLIGHT_SEATPRICINGS(FLIGHT_ID, CABINCLASS, PRICE) VALUES(27, 'Business', 4650);
INSERT INTO FLIGHT_SEATPRICINGS(FLIGHT_ID, CABINCLASS, PRICE) VALUES(27, 'Economy', 775);

INSERT INTO FLIGHT (ID, NAME, AIRCRAFTTYPE_ID, ORIGIN_ID, DESTINATION_ID, DEPARTURETIME, ARRIVALTIME) VALUES(28, 'NLX-575', 2, 2, 5, '2022-08-19T15:00:00', '2022-08-20T06:30:00');
INSERT INTO FLIGHT_SEATPRICINGS(FLIGHT_ID, CABINCLASS, PRICE) VALUES(28, 'Business', 4650);
INSERT INTO FLIGHT_SEATPRICINGS(FLIGHT_ID, CABINCLASS, PRICE) VALUES(28, 'Economy', 775);

INSERT INTO FLIGHT (ID, NAME, AIRCRAFTTYPE_ID, ORIGIN_ID, DESTINATION_ID, DEPARTURETIME, ARRIVALTIME) VALUES(29, 'IDD-802', 2, 3, 1, '2022-09-01T14:00:00', '2022-09-02T01:30:00');
INSERT INTO FLIGHT_SEATPRICINGS(FLIGHT_ID, CABINCLASS, PRICE) VALUES(29, 'Business', 3450);
INSERT INTO FLIGHT_SEATPRICINGS(FLIGHT_ID, CABINCLASS, PRICE) VALUES(29, 'Economy', 575);

INSERT INTO FLIGHT (ID, NAME, AIRCRAFTTYPE_ID, ORIGIN_ID, DESTINATION_ID, DEPARTURETIME, ARRIVALTIME) VALUES(30, 'YHQ-591', 1, 3, 1, '2022-08-22T04:00:00', '2022-08-22T15:30:00');
INSERT INTO FLIGHT_SEATPRICINGS(FLIGHT_ID, CABINCLASS, PRICE) VALUES(30, 'Business', 3450);
INSERT INTO FLIGHT_SEATPRICINGS(FLIGHT_ID, CABINCLASS, PRICE) VALUES(30, 'Premium', 1725);
INSERT INTO FLIGHT_SEATPRICINGS(FLIGHT_ID, CABINCLASS, PRICE) VALUES(30, 'Economy', 575);

INSERT INTO FLIGHT (ID, NAME, AIRCRAFTTYPE_ID, ORIGIN_ID, DESTINATION_ID, DEPARTURETIME, ARRIVALTIME) VALUES(31, 'CML-765', 1, 3, 1, '2022-08-30T19:00:00', '2022-08-31T06:30:00');
INSERT INTO FLIGHT_SEATPRICINGS(FLIGHT_ID, CABINCLASS, PRICE) VALUES(31, 'Business', 3450);
INSERT INTO FLIGHT_SEATPRICINGS(FLIGHT_ID, CABINCLASS, PRICE) VALUES(31, 'Premium', 1725);
INSERT INTO FLIGHT_SEATPRICINGS(FLIGHT_ID, CABINCLASS, PRICE) VALUES(31, 'Economy', 575);

INSERT INTO FLIGHT (ID, NAME, AIRCRAFTTYPE_ID, ORIGIN_ID, DESTINATION_ID, DEPARTURETIME, ARRIVALTIME) VALUES(32, 'GMX-889', 1, 3, 1, '2022-08-21T10:00:00', '2022-08-21T21:30:00');
INSERT INTO FLIGHT_SEATPRICINGS(FLIGHT_ID, CABINCLASS, PRICE) VALUES(32, 'Business', 3450);
INSERT INTO FLIGHT_SEATPRICINGS(FLIGHT_ID, CABINCLASS, PRICE) VALUES(32, 'Premium', 1725);
INSERT INTO FLIGHT_SEATPRICINGS(FLIGHT_ID, CABINCLASS, PRICE) VALUES(32, 'Economy', 575);

INSERT INTO FLIGHT (ID, NAME, AIRCRAFTTYPE_ID, ORIGIN_ID, DESTINATION_ID, DEPARTURETIME, ARRIVALTIME) VALUES(33, 'GWQ-815', 1, 3, 2, '2022-08-22T14:00:00', '2022-08-23T00:10:00');
INSERT INTO FLIGHT_SEATPRICINGS(FLIGHT_ID, CABINCLASS, PRICE) VALUES(33, 'Business', 3050);
INSERT INTO FLIGHT_SEATPRICINGS(FLIGHT_ID, CABINCLASS, PRICE) VALUES(33, 'Premium', 1525);
INSERT INTO FLIGHT_SEATPRICINGS(FLIGHT_ID, CABINCLASS, PRICE) VALUES(33, 'Economy', 508);

INSERT INTO FLIGHT (ID, NAME, AIRCRAFTTYPE_ID, ORIGIN_ID, DESTINATION_ID, DEPARTURETIME, ARRIVALTIME) VALUES(34, 'VWM-185', 1, 3, 2, '2022-08-29T03:00:00', '2022-08-29T13:10:00');
INSERT INTO FLIGHT_SEATPRICINGS(FLIGHT_ID, CABINCLASS, PRICE) VALUES(34, 'Business', 3050);
INSERT INTO FLIGHT_SEATPRICINGS(FLIGHT_ID, CABINCLASS, PRICE) VALUES(34, 'Premium', 1525);
INSERT INTO FLIGHT_SEATPRICINGS(FLIGHT_ID, CABINCLASS, PRICE) VALUES(34, 'Economy', 508);

INSERT INTO FLIGHT (ID, NAME, AIRCRAFTTYPE_ID, ORIGIN_ID, DESTINATION_ID, DEPARTURETIME, ARRIVALTIME) VALUES(35, 'OZL-258', 2, 3, 2, '2022-08-26T21:00:00', '2022-08-27T07:10:00');
INSERT INTO FLIGHT_SEATPRICINGS(FLIGHT_ID, CABINCLASS, PRICE) VALUES(35, 'Business', 3050);
INSERT INTO FLIGHT_SEATPRICINGS(FLIGHT_ID, CABINCLASS, PRICE) VALUES(35, 'Economy', 508);

INSERT INTO FLIGHT (ID, NAME, AIRCRAFTTYPE_ID, ORIGIN_ID, DESTINATION_ID, DEPARTURETIME, ARRIVALTIME) VALUES(36, 'QFT-111', 2, 3, 4, '2022-08-15T19:00:00', '2022-08-16T02:10:00');
INSERT INTO FLIGHT_SEATPRICINGS(FLIGHT_ID, CABINCLASS, PRICE) VALUES(36, 'Business', 2150);
INSERT INTO FLIGHT_SEATPRICINGS(FLIGHT_ID, CABINCLASS, PRICE) VALUES(36, 'Economy', 358);

INSERT INTO FLIGHT (ID, NAME, AIRCRAFTTYPE_ID, ORIGIN_ID, DESTINATION_ID, DEPARTURETIME, ARRIVALTIME) VALUES(37, 'DPX-900', 2, 3, 4, '2022-08-26T15:00:00', '2022-08-26T22:10:00');
INSERT INTO FLIGHT_SEATPRICINGS(FLIGHT_ID, CABINCLASS, PRICE) VALUES(37, 'Business', 2150);
INSERT INTO FLIGHT_SEATPRICINGS(FLIGHT_ID, CABINCLASS, PRICE) VALUES(37, 'Economy', 358);

INSERT INTO FLIGHT (ID, NAME, AIRCRAFTTYPE_ID, ORIGIN_ID, DESTINATION_ID, DEPARTURETIME, ARRIVALTIME) VALUES(38, 'AVE-146', 2, 3, 4, '2022-09-02T02:00:00', '2022-09-02T09:10:00');
INSERT INTO FLIGHT_SEATPRICINGS(FLIGHT_ID, CABINCLASS, PRICE) VALUES(38, 'Business', 2150);
INSERT INTO FLIGHT_SEATPRICINGS(FLIGHT_ID, CABINCLASS, PRICE) VALUES(38, 'Economy', 358);

INSERT INTO FLIGHT (ID, NAME, AIRCRAFTTYPE_ID, ORIGIN_ID, DESTINATION_ID, DEPARTURETIME, ARRIVALTIME) VALUES(39, 'ZJX-309', 1, 3, 4, '2022-08-09T23:00:00', '2022-08-10T06:10:00');
INSERT INTO FLIGHT_SEATPRICINGS(FLIGHT_ID, CABINCLASS, PRICE) VALUES(39, 'Business', 2150);
INSERT INTO FLIGHT_SEATPRICINGS(FLIGHT_ID, CABINCLASS, PRICE) VALUES(39, 'Premium', 1075);
INSERT INTO FLIGHT_SEATPRICINGS(FLIGHT_ID, CABINCLASS, PRICE) VALUES(39, 'Economy', 358);

INSERT INTO FLIGHT (ID, NAME, AIRCRAFTTYPE_ID, ORIGIN_ID, DESTINATION_ID, DEPARTURETIME, ARRIVALTIME) VALUES(40, 'ZFD-241', 2, 3, 5, '2022-08-20T08:00:00', '2022-08-20T19:30:00');
INSERT INTO FLIGHT_SEATPRICINGS(FLIGHT_ID, CABINCLASS, PRICE) VALUES(40, 'Business', 3450);
INSERT INTO FLIGHT_SEATPRICINGS(FLIGHT_ID, CABINCLASS, PRICE) VALUES(40, 'Economy', 575);

INSERT INTO FLIGHT (ID, NAME, AIRCRAFTTYPE_ID, ORIGIN_ID, DESTINATION_ID, DEPARTURETIME, ARRIVALTIME) VALUES(41, 'ETN-391', 2, 3, 5, '2022-08-27T14:00:00', '2022-08-28T01:30:00');
INSERT INTO FLIGHT_SEATPRICINGS(FLIGHT_ID, CABINCLASS, PRICE) VALUES(41, 'Business', 3450);
INSERT INTO FLIGHT_SEATPRICINGS(FLIGHT_ID, CABINCLASS, PRICE) VALUES(41, 'Economy', 575);

INSERT INTO FLIGHT (ID, NAME, AIRCRAFTTYPE_ID, ORIGIN_ID, DESTINATION_ID, DEPARTURETIME, ARRIVALTIME) VALUES(42, 'LKE-071', 2, 3, 5, '2022-08-10T17:00:00', '2022-08-11T04:30:00');
INSERT INTO FLIGHT_SEATPRICINGS(FLIGHT_ID, CABINCLASS, PRICE) VALUES(42, 'Business', 3450);
INSERT INTO FLIGHT_SEATPRICINGS(FLIGHT_ID, CABINCLASS, PRICE) VALUES(42, 'Economy', 575);

INSERT INTO FLIGHT (ID, NAME, AIRCRAFTTYPE_ID, ORIGIN_ID, DESTINATION_ID, DEPARTURETIME, ARRIVALTIME) VALUES(43, 'YJY-087', 1, 4, 1, '2022-09-01T11:00:00', '2022-09-01T22:00:00');
INSERT INTO FLIGHT_SEATPRICINGS(FLIGHT_ID, CABINCLASS, PRICE) VALUES(43, 'Business', 3300);
INSERT INTO FLIGHT_SEATPRICINGS(FLIGHT_ID, CABINCLASS, PRICE) VALUES(43, 'Premium', 1650);
INSERT INTO FLIGHT_SEATPRICINGS(FLIGHT_ID, CABINCLASS, PRICE) VALUES(43, 'Economy', 550);

INSERT INTO FLIGHT (ID, NAME, AIRCRAFTTYPE_ID, ORIGIN_ID, DESTINATION_ID, DEPARTURETIME, ARRIVALTIME) VALUES(44, 'NAK-343', 1, 4, 1, '2022-08-12T14:00:00', '2022-08-13T01:00:00');
INSERT INTO FLIGHT_SEATPRICINGS(FLIGHT_ID, CABINCLASS, PRICE) VALUES(44, 'Business', 3300);
INSERT INTO FLIGHT_SEATPRICINGS(FLIGHT_ID, CABINCLASS, PRICE) VALUES(44, 'Premium', 1650);
INSERT INTO FLIGHT_SEATPRICINGS(FLIGHT_ID, CABINCLASS, PRICE) VALUES(44, 'Economy', 550);

INSERT INTO FLIGHT (ID, NAME, AIRCRAFTTYPE_ID, ORIGIN_ID, DESTINATION_ID, DEPARTURETIME, ARRIVALTIME) VALUES(45, 'MMY-188', 2, 4, 1, '2022-08-31T13:00:00', '2022-09-01T00:00:00');
INSERT INTO FLIGHT_SEATPRICINGS(FLIGHT_ID, CABINCLASS, PRICE) VALUES(45, 'Business', 3300);
INSERT INTO FLIGHT_SEATPRICINGS(FLIGHT_ID, CABINCLASS, PRICE) VALUES(45, 'Economy', 550);

INSERT INTO FLIGHT (ID, NAME, AIRCRAFTTYPE_ID, ORIGIN_ID, DESTINATION_ID, DEPARTURETIME, ARRIVALTIME) VALUES(46, 'VBR-241', 2, 4, 2, '2022-08-18T13:00:00', '2022-08-18T21:20:00');
INSERT INTO FLIGHT_SEATPRICINGS(FLIGHT_ID, CABINCLASS, PRICE) VALUES(46, 'Business', 2500);
INSERT INTO FLIGHT_SEATPRICINGS(FLIGHT_ID, CABINCLASS, PRICE) VALUES(46, 'Economy', 416);

INSERT INTO FLIGHT (ID, NAME, AIRCRAFTTYPE_ID, ORIGIN_ID, DESTINATION_ID, DEPARTURETIME, ARRIVALTIME) VALUES(47, 'MTU-228', 1, 4, 2, '2022-08-16T12:00:00', '2022-08-16T20:20:00');
INSERT INTO FLIGHT_SEATPRICINGS(FLIGHT_ID, CABINCLASS, PRICE) VALUES(47, 'Business', 2500);
INSERT INTO FLIGHT_SEATPRICINGS(FLIGHT_ID, CABINCLASS, PRICE) VALUES(47, 'Premium', 1250);
INSERT INTO FLIGHT_SEATPRICINGS(FLIGHT_ID, CABINCLASS, PRICE) VALUES(47, 'Economy', 416);

INSERT INTO FLIGHT (ID, NAME, AIRCRAFTTYPE_ID, ORIGIN_ID, DESTINATION_ID, DEPARTURETIME, ARRIVALTIME) VALUES(48, 'SJY-964', 2, 4, 2, '2022-08-10T12:00:00', '2022-08-10T20:20:00');
INSERT INTO FLIGHT_SEATPRICINGS(FLIGHT_ID, CABINCLASS, PRICE) VALUES(48, 'Business', 2500);
INSERT INTO FLIGHT_SEATPRICINGS(FLIGHT_ID, CABINCLASS, PRICE) VALUES(48, 'Economy', 416);

INSERT INTO FLIGHT (ID, NAME, AIRCRAFTTYPE_ID, ORIGIN_ID, DESTINATION_ID, DEPARTURETIME, ARRIVALTIME) VALUES(49, 'FPZ-912', 2, 4, 2, '2022-08-19T06:00:00', '2022-08-19T14:20:00');
INSERT INTO FLIGHT_SEATPRICINGS(FLIGHT_ID, CABINCLASS, PRICE) VALUES(49, 'Business', 2500);
INSERT INTO FLIGHT_SEATPRICINGS(FLIGHT_ID, CABINCLASS, PRICE) VALUES(49, 'Economy', 416);

INSERT INTO FLIGHT (ID, NAME, AIRCRAFTTYPE_ID, ORIGIN_ID, DESTINATION_ID, DEPARTURETIME, ARRIVALTIME) VALUES(50, 'FBH-075', 1, 4, 3, '2022-09-06T08:00:00', '2022-09-06T15:10:00');
INSERT INTO FLIGHT_SEATPRICINGS(FLIGHT_ID, CABINCLASS, PRICE) VALUES(50, 'Business', 2150);
INSERT INTO FLIGHT_SEATPRICINGS(FLIGHT_ID, CABINCLASS, PRICE) VALUES(50, 'Premium', 1075);
INSERT INTO FLIGHT_SEATPRICINGS(FLIGHT_ID, CABINCLASS, PRICE) VALUES(50, 'Economy', 358);

INSERT INTO FLIGHT (ID, NAME, AIRCRAFTTYPE_ID, ORIGIN_ID, DESTINATION_ID, DEPARTURETIME, ARRIVALTIME) VALUES(51, 'ESE-011', 2, 4, 3, '2022-08-16T22:00:00', '2022-08-17T05:10:00');
INSERT INTO FLIGHT_SEATPRICINGS(FLIGHT_ID, CABINCLASS, PRICE) VALUES(51, 'Business', 2150);
INSERT INTO FLIGHT_SEATPRICINGS(FLIGHT_ID, CABINCLASS, PRICE) VALUES(51, 'Economy', 358);

INSERT INTO FLIGHT (ID, NAME, AIRCRAFTTYPE_ID, ORIGIN_ID, DESTINATION_ID, DEPARTURETIME, ARRIVALTIME) VALUES(52, 'OCI-638', 2, 4, 3, '2022-08-31T16:00:00', '2022-08-31T23:10:00');
INSERT INTO FLIGHT_SEATPRICINGS(FLIGHT_ID, CABINCLASS, PRICE) VALUES(52, 'Business', 2150);
INSERT INTO FLIGHT_SEATPRICINGS(FLIGHT_ID, CABINCLASS, PRICE) VALUES(52, 'Economy', 358);

INSERT INTO FLIGHT (ID, NAME, AIRCRAFTTYPE_ID, ORIGIN_ID, DESTINATION_ID, DEPARTURETIME, ARRIVALTIME) VALUES(53, 'IFT-689', 2, 4, 5, '2022-08-15T10:00:00', '2022-08-16T04:00:00');
INSERT INTO FLIGHT_SEATPRICINGS(FLIGHT_ID, CABINCLASS, PRICE) VALUES(53, 'Business', 5400);
INSERT INTO FLIGHT_SEATPRICINGS(FLIGHT_ID, CABINCLASS, PRICE) VALUES(53, 'Economy', 900);

INSERT INTO FLIGHT (ID, NAME, AIRCRAFTTYPE_ID, ORIGIN_ID, DESTINATION_ID, DEPARTURETIME, ARRIVALTIME) VALUES(54, 'SQP-422', 1, 4, 5, '2022-08-26T13:00:00', '2022-08-27T07:00:00');
INSERT INTO FLIGHT_SEATPRICINGS(FLIGHT_ID, CABINCLASS, PRICE) VALUES(54, 'Business', 5400);
INSERT INTO FLIGHT_SEATPRICINGS(FLIGHT_ID, CABINCLASS, PRICE) VALUES(54, 'Premium', 2700);
INSERT INTO FLIGHT_SEATPRICINGS(FLIGHT_ID, CABINCLASS, PRICE) VALUES(54, 'Economy', 900);

INSERT INTO FLIGHT (ID, NAME, AIRCRAFTTYPE_ID, ORIGIN_ID, DESTINATION_ID, DEPARTURETIME, ARRIVALTIME) VALUES(55, 'SUF-575', 1, 4, 5, '2022-08-08T22:00:00', '2022-08-09T16:00:00');
INSERT INTO FLIGHT_SEATPRICINGS(FLIGHT_ID, CABINCLASS, PRICE) VALUES(55, 'Business', 5400);
INSERT INTO FLIGHT_SEATPRICINGS(FLIGHT_ID, CABINCLASS, PRICE) VALUES(55, 'Premium', 2700);
INSERT INTO FLIGHT_SEATPRICINGS(FLIGHT_ID, CABINCLASS, PRICE) VALUES(55, 'Economy', 900);

INSERT INTO FLIGHT (ID, NAME, AIRCRAFTTYPE_ID, ORIGIN_ID, DESTINATION_ID, DEPARTURETIME, ARRIVALTIME) VALUES(56, 'UND-319', 2, 4, 5, '2022-08-25T18:00:00', '2022-08-26T12:00:00');
INSERT INTO FLIGHT_SEATPRICINGS(FLIGHT_ID, CABINCLASS, PRICE) VALUES(56, 'Business', 5400);
INSERT INTO FLIGHT_SEATPRICINGS(FLIGHT_ID, CABINCLASS, PRICE) VALUES(56, 'Economy', 900);

INSERT INTO FLIGHT (ID, NAME, AIRCRAFTTYPE_ID, ORIGIN_ID, DESTINATION_ID, DEPARTURETIME, ARRIVALTIME) VALUES(57, 'ADR-346', 2, 5, 1, '2022-08-24T22:00:00', '2022-08-25T11:30:00');
INSERT INTO FLIGHT_SEATPRICINGS(FLIGHT_ID, CABINCLASS, PRICE) VALUES(57, 'Business', 4050);
INSERT INTO FLIGHT_SEATPRICINGS(FLIGHT_ID, CABINCLASS, PRICE) VALUES(57, 'Economy', 675);

INSERT INTO FLIGHT (ID, NAME, AIRCRAFTTYPE_ID, ORIGIN_ID, DESTINATION_ID, DEPARTURETIME, ARRIVALTIME) VALUES(58, 'HPR-130', 2, 5, 1, '2022-08-12T18:00:00', '2022-08-13T07:30:00');
INSERT INTO FLIGHT_SEATPRICINGS(FLIGHT_ID, CABINCLASS, PRICE) VALUES(58, 'Business', 4050);
INSERT INTO FLIGHT_SEATPRICINGS(FLIGHT_ID, CABINCLASS, PRICE) VALUES(58, 'Economy', 675);

INSERT INTO FLIGHT (ID, NAME, AIRCRAFTTYPE_ID, ORIGIN_ID, DESTINATION_ID, DEPARTURETIME, ARRIVALTIME) VALUES(59, 'UKC-561', 1, 5, 1, '2022-08-21T03:00:00', '2022-08-21T16:30:00');
INSERT INTO FLIGHT_SEATPRICINGS(FLIGHT_ID, CABINCLASS, PRICE) VALUES(59, 'Business', 4050);
INSERT INTO FLIGHT_SEATPRICINGS(FLIGHT_ID, CABINCLASS, PRICE) VALUES(59, 'Premium', 2025);
INSERT INTO FLIGHT_SEATPRICINGS(FLIGHT_ID, CABINCLASS, PRICE) VALUES(59, 'Economy', 675);

INSERT INTO FLIGHT (ID, NAME, AIRCRAFTTYPE_ID, ORIGIN_ID, DESTINATION_ID, DEPARTURETIME, ARRIVALTIME) VALUES(60, 'ZPV-405', 1, 5, 2, '2022-08-16T23:00:00', '2022-08-17T14:30:00');
INSERT INTO FLIGHT_SEATPRICINGS(FLIGHT_ID, CABINCLASS, PRICE) VALUES(60, 'Business', 4650);
INSERT INTO FLIGHT_SEATPRICINGS(FLIGHT_ID, CABINCLASS, PRICE) VALUES(60, 'Premium', 2325);
INSERT INTO FLIGHT_SEATPRICINGS(FLIGHT_ID, CABINCLASS, PRICE) VALUES(60, 'Economy', 775);

INSERT INTO FLIGHT (ID, NAME, AIRCRAFTTYPE_ID, ORIGIN_ID, DESTINATION_ID, DEPARTURETIME, ARRIVALTIME) VALUES(61, 'AWJ-994', 1, 5, 2, '2022-08-09T23:00:00', '2022-08-10T14:30:00');
INSERT INTO FLIGHT_SEATPRICINGS(FLIGHT_ID, CABINCLASS, PRICE) VALUES(61, 'Business', 4650);
INSERT INTO FLIGHT_SEATPRICINGS(FLIGHT_ID, CABINCLASS, PRICE) VALUES(61, 'Premium', 2325);
INSERT INTO FLIGHT_SEATPRICINGS(FLIGHT_ID, CABINCLASS, PRICE) VALUES(61, 'Economy', 775);

INSERT INTO FLIGHT (ID, NAME, AIRCRAFTTYPE_ID, ORIGIN_ID, DESTINATION_ID, DEPARTURETIME, ARRIVALTIME) VALUES(62, 'FHF-294', 2, 5, 2, '2022-08-19T20:00:00', '2022-08-20T11:30:00');
INSERT INTO FLIGHT_SEATPRICINGS(FLIGHT_ID, CABINCLASS, PRICE) VALUES(62, 'Business', 4650);
INSERT INTO FLIGHT_SEATPRICINGS(FLIGHT_ID, CABINCLASS, PRICE) VALUES(62, 'Economy', 775);

INSERT INTO FLIGHT (ID, NAME, AIRCRAFTTYPE_ID, ORIGIN_ID, DESTINATION_ID, DEPARTURETIME, ARRIVALTIME) VALUES(63, 'YAJ-395', 2, 5, 2, '2022-08-28T09:00:00', '2022-08-29T00:30:00');
INSERT INTO FLIGHT_SEATPRICINGS(FLIGHT_ID, CABINCLASS, PRICE) VALUES(63, 'Business', 4650);
INSERT INTO FLIGHT_SEATPRICINGS(FLIGHT_ID, CABINCLASS, PRICE) VALUES(63, 'Economy', 775);

INSERT INTO FLIGHT (ID, NAME, AIRCRAFTTYPE_ID, ORIGIN_ID, DESTINATION_ID, DEPARTURETIME, ARRIVALTIME) VALUES(64, 'KML-365', 1, 5, 3, '2022-08-10T03:00:00', '2022-08-10T14:30:00');
INSERT INTO FLIGHT_SEATPRICINGS(FLIGHT_ID, CABINCLASS, PRICE) VALUES(64, 'Business', 3450);
INSERT INTO FLIGHT_SEATPRICINGS(FLIGHT_ID, CABINCLASS, PRICE) VALUES(64, 'Premium', 1725);
INSERT INTO FLIGHT_SEATPRICINGS(FLIGHT_ID, CABINCLASS, PRICE) VALUES(64, 'Economy', 575);

INSERT INTO FLIGHT (ID, NAME, AIRCRAFTTYPE_ID, ORIGIN_ID, DESTINATION_ID, DEPARTURETIME, ARRIVALTIME) VALUES(65, 'JNA-242', 1, 5, 3, '2022-08-19T14:00:00', '2022-08-20T01:30:00');
INSERT INTO FLIGHT_SEATPRICINGS(FLIGHT_ID, CABINCLASS, PRICE) VALUES(65, 'Business', 3450);
INSERT INTO FLIGHT_SEATPRICINGS(FLIGHT_ID, CABINCLASS, PRICE) VALUES(65, 'Premium', 1725);
INSERT INTO FLIGHT_SEATPRICINGS(FLIGHT_ID, CABINCLASS, PRICE) VALUES(65, 'Economy', 575);

INSERT INTO FLIGHT (ID, NAME, AIRCRAFTTYPE_ID, ORIGIN_ID, DESTINATION_ID, DEPARTURETIME, ARRIVALTIME) VALUES(66, 'IJQ-029', 1, 5, 3, '2022-08-28T05:00:00', '2022-08-28T16:30:00');
INSERT INTO FLIGHT_SEATPRICINGS(FLIGHT_ID, CABINCLASS, PRICE) VALUES(66, 'Business', 3450);
INSERT INTO FLIGHT_SEATPRICINGS(FLIGHT_ID, CABINCLASS, PRICE) VALUES(66, 'Premium', 1725);
INSERT INTO FLIGHT_SEATPRICINGS(FLIGHT_ID, CABINCLASS, PRICE) VALUES(66, 'Economy', 575);

INSERT INTO FLIGHT (ID, NAME, AIRCRAFTTYPE_ID, ORIGIN_ID, DESTINATION_ID, DEPARTURETIME, ARRIVALTIME) VALUES(67, 'CBM-270', 2, 5, 3, '2022-09-04T13:00:00', '2022-09-05T00:30:00');
INSERT INTO FLIGHT_SEATPRICINGS(FLIGHT_ID, CABINCLASS, PRICE) VALUES(67, 'Business', 3450);
INSERT INTO FLIGHT_SEATPRICINGS(FLIGHT_ID, CABINCLASS, PRICE) VALUES(67, 'Economy', 575);

INSERT INTO FLIGHT (ID, NAME, AIRCRAFTTYPE_ID, ORIGIN_ID, DESTINATION_ID, DEPARTURETIME, ARRIVALTIME) VALUES(68, 'VWR-623', 2, 5, 4, '2022-08-25T14:00:00', '2022-08-26T08:00:00');
INSERT INTO FLIGHT_SEATPRICINGS(FLIGHT_ID, CABINCLASS, PRICE) VALUES(68, 'Business', 5400);
INSERT INTO FLIGHT_SEATPRICINGS(FLIGHT_ID, CABINCLASS, PRICE) VALUES(68, 'Economy', 900);

INSERT INTO FLIGHT (ID, NAME, AIRCRAFTTYPE_ID, ORIGIN_ID, DESTINATION_ID, DEPARTURETIME, ARRIVALTIME) VALUES(69, 'KHS-671', 1, 5, 4, '2022-08-16T01:00:00', '2022-08-16T19:00:00');
INSERT INTO FLIGHT_SEATPRICINGS(FLIGHT_ID, CABINCLASS, PRICE) VALUES(69, 'Business', 5400);
INSERT INTO FLIGHT_SEATPRICINGS(FLIGHT_ID, CABINCLASS, PRICE) VALUES(69, 'Premium', 2700);
INSERT INTO FLIGHT_SEATPRICINGS(FLIGHT_ID, CABINCLASS, PRICE) VALUES(69, 'Economy', 900);

INSERT INTO FLIGHT (ID, NAME, AIRCRAFTTYPE_ID, ORIGIN_ID, DESTINATION_ID, DEPARTURETIME, ARRIVALTIME) VALUES(70, 'YFB-019', 1, 5, 4, '2022-08-17T19:00:00', '2022-08-18T13:00:00');
INSERT INTO FLIGHT_SEATPRICINGS(FLIGHT_ID, CABINCLASS, PRICE) VALUES(70, 'Business', 5400);
INSERT INTO FLIGHT_SEATPRICINGS(FLIGHT_ID, CABINCLASS, PRICE) VALUES(70, 'Premium', 2700);
INSERT INTO FLIGHT_SEATPRICINGS(FLIGHT_ID, CABINCLASS, PRICE) VALUES(70, 'Economy', 900);

